Classifier,Fold,Accuracy
Logistic Regression,1,1.0
Logistic Regression,2,0.9666666666666667
Logistic Regression,3,0.9333333333333333
Logistic Regression,4,1.0
Logistic Regression,5,0.9333333333333333
SVM (RBF Kernel),1,1.0
SVM (RBF Kernel),2,0.9666666666666667
SVM (RBF Kernel),3,0.9333333333333333
SVM (RBF Kernel),4,1.0
SVM (RBF Kernel),5,0.9333333333333333
Decision Tree,1,1.0
Decision Tree,2,0.9666666666666667
Decision Tree,3,0.9333333333333333
Decision Tree,4,0.9666666666666667
Decision Tree,5,0.9
K-Nearest Neighbors,1,1.0
K-Nearest Neighbors,2,0.9666666666666667
K-Nearest Neighbors,3,0.9333333333333333
K-Nearest Neighbors,4,1.0
K-Nearest Neighbors,5,0.9333333333333333
Random Forest,1,1.0
Random Forest,2,0.9666666666666667
Random Forest,3,0.9333333333333333
Random Forest,4,1.0
Random Forest,5,0.9
